events,des
16,Jo Adell singles on a fly ball to center fielder Michael Harris II.
16,Steven Kwan singles on a line drive to center fielder Pete Crow-Armstrong. Angel Martínez to 2nd.
4,José Ramírez flies out to center fielder Pete Crow-Armstrong.
4,"Pete Crow-Armstrong grounds out, second baseman Daniel Schneemann to first baseman Carlos Santana."
4,"Francisco Lindor grounds out, third baseman Caleb Durbin to first baseman Rhys Hoskins."
10,Brandon Nimmo homers (17) on a line drive to right field.
4,Pete Alonso lines out to shortstop Joey Ortiz.
7,"Lane Thomas grounds into a force out, shortstop Dansby Swanson to second baseman Nico Hoerner. Carlos Santana out at 2nd. Lane Thomas to 1st."
4,"Daniel Schneemann grounds out, pitcher Ryan Pressly to first baseman Michael Busch."
16,Carlos Santana singles on a line drive to center fielder Pete Crow-Armstrong.
4,Randal Grichuk flies out to center fielder Jung Hoo Lee.
4,"Blaze Alexander grounds out, shortstop Willy Adames to first baseman Dominic Smith."
4,"Ketel Marte grounds out sharply, third baseman Brett Wisely to first baseman Dominic Smith."
4,Lourdes Gurriel Jr. lines out to left fielder Heliot Ramos.
4,"James McCann grounds out, shortstop Willy Adames to first baseman Dominic Smith."
4,"Alek Thomas grounds out softly, second baseman Tyler Fitzgerald to first baseman Dominic Smith."
4,Geraldo Perdomo lines out sharply to second baseman Tyler Fitzgerald.
10,Eugenio Suárez homers (27) on a fly ball to left field.
4,Ketel Marte flies out to right fielder Mike Yastrzemski.
4,Geraldo Perdomo flies out to center fielder Jung Hoo Lee.
4,Trent Grisham grounds out to first baseman Vladimir Guerrero Jr.
16,Cody Bellinger singles on a fly ball to left fielder Davis Schneider. Aaron Judge to 2nd.
4,Isaac Paredes flies out to center fielder Brenton Doyle.
16,Jose Altuve singles on a sharp line drive to left fielder Jordan Beck. Jake Meyers to 2nd.
16,Jake Meyers singles on a ground ball to third baseman Ryan McMahon.
4,"Victor Caratini grounds out, second baseman Thairo Estrada to first baseman Orlando Arcia."
1,Cam Smith doubles (14) on a ground ball to right fielder Tyler Freeman. Jake Meyers scores. Jose Altuve to 3rd.
4,"Christian Walker grounds out, third baseman Ryan McMahon to first baseman Orlando Arcia. Jose Altuve scores. Cam Smith to 3rd."
4,"J.P. Crawford grounds out, second baseman Jonathan India to first baseman Vinnie Pasquantino."
4,Ben Williamson lines out to left fielder Nick Loftin.
4,Cole Young pops out to third baseman Maikel Garcia.
4,Randy Arozarena lines out to center fielder Kyle Isbel.
1,Jorge Polanco doubles (10) on a line drive to right fielder John Rave.
4,Cal Raleigh flies out to left fielder Nick Loftin.
10,Jorge Polanco homers (12) on a fly ball to right field.
16,J.P. Crawford singles on a ground ball to right fielder John Rave.
4,"Randy Arozarena grounds out, catcher Salvador Perez to first baseman Vinnie Pasquantino."
4,Amed Rosario flies out to right fielder Wenceel Pérez. CJ Abrams to 3rd.
16,Alex Call singles on a sharp line drive to left fielder Riley Greene. CJ Abrams scores. James Wood scores. Nathaniel Lowe to 2nd.
16,James Wood singles on a line drive to center fielder Parker Meadows. CJ Abrams to 2nd.
4,Austin Hedges lines out to first baseman Michael Busch in foul territory.
4,Steven Kwan flies out to left fielder Ian Happ.
4,Mookie Betts pops out to first baseman Miguel Vargas in foul territory.
1,Freddie Freeman doubles (22) on a sharp line drive to right fielder Mike Tauchman. Shohei Ohtani scores.
10,Jurickson Profar homers (2) on a fly ball to left field.
8,"Eric Haase grounds into a double play, second baseman Brett Baty to first baseman Pete Alonso. Caleb Durbin out at 2nd. Eric Haase out at 1st."
4,William Contreras flies out to center fielder Tyrone Taylor.
4,Rhys Hoskins flies out to left fielder Brandon Nimmo.
4,Nathan Lukes flies out to left fielder Jasson Domínguez.
1,Addison Barger doubles (19) on a sharp fly ball to left fielder Jasson Domínguez. George Springer scores.
19,Taylor Ward triples (2) on a sharp line drive to left fielder Jurickson Profar. Mike Trout scores.
4,Nolan Schanuel lines out to second baseman Ozzie Albies.
4,"Zach Neto grounds out softly, pitcher Enyel De Los Santos to first baseman Matt Olson."
4,"Cubs challenged (play at 1st), call on the field was upheld: Pete Crow-Armstrong grounds out to pitcher Emmanuel Clase."
16,Dansby Swanson singles on a ground ball to right fielder Nolan Jones.
14,Matt Shaw out on a sacrifice fly to center fielder Lane Thomas. Nico Hoerner scores.
4,Nico Hoerner flies out to left fielder Steven Kwan.
4,Seiya Suzuki flies out to right fielder Nolan Jones.
4,"Michael Busch grounds out, shortstop Daniel Schneemann to first baseman Carlos Santana. Nico Hoerner to 3rd."
16,Zach McKinstry singles on a line drive to center fielder Jacob Young.
10,Spencer Torkelson homers (19) on a fly ball to center field. Colt Keith scores. Gleyber Torres scores.
16,Gleyber Torres singles on a sharp line drive to left fielder James Wood. Colt Keith to 2nd.
7,"Dillon Dingler grounds into a force out, shortstop CJ Abrams to second baseman Amed Rosario. Zach McKinstry out at 2nd."
4,Michael Harris II grounds out to first baseman Nolan Schanuel.
4,Jurickson Profar flies out to left fielder Taylor Ward.
16,"Marcell Ozuna singles on a ground ball to left fielder Taylor Ward, deflected by third baseman Luis Rengifo."
4,"Sean Murphy grounds out, second baseman Chad Stevens to first baseman Nolan Schanuel."
4,"Matt Olson grounds out, second baseman Chad Stevens to first baseman Nolan Schanuel."
4,"Matt Olson grounds out, first baseman Nolan Schanuel to pitcher José Soriano."
4,Ozzie Albies lines out to right fielder Jorge Soler.
4,"Sean Murphy grounds out, third baseman Luis Rengifo to first baseman Nolan Schanuel."
4,"Austin Riley grounds out, second baseman Chad Stevens to first baseman Nolan Schanuel."
4,Ozzie Albies lines out to shortstop Zach Neto.
4,"Jurickson Profar grounds out, second baseman Chad Stevens to first baseman Nolan Schanuel."
16,Matt Olson singles on a ground ball to right fielder Jorge Soler.
4,Michael Harris II flies out sharply to center fielder Jo Adell.
7,"Ronald Acuña Jr. grounds into a force out, shortstop Zach Neto to second baseman Chad Stevens. Nick Allen out at 2nd."
4,Ronald Acuña Jr. grounds out to first baseman Nolan Schanuel.
4,"Ozzie Albies grounds out, second baseman Chad Stevens to first baseman Nolan Schanuel."
16,Sean Murphy singles on a sharp line drive to center fielder Jo Adell.
4,Chase Meidroth lines out to left fielder Michael Conforto.
4,"Ian Happ grounds out, shortstop Brayan Rocchio to first baseman Carlos Santana."
4,Matt Shaw flies out to center fielder Lane Thomas.
4,Pete Crow-Armstrong grounds out to first baseman Carlos Santana.
16,Seiya Suzuki singles on a ground ball to right fielder Nolan Jones.
4,Kyle Tucker flies out to center fielder Lane Thomas.
4,"Nico Hoerner grounds out, second baseman Daniel Schneemann to first baseman Carlos Santana."
16,Dansby Swanson singles on a ground ball to left fielder Steven Kwan.
4,"Nolan Schanuel grounds out softly, pitcher Austin Cox to first baseman Matt Olson."
4,Mike Trout lines out to left fielder Jurickson Profar.
4,Jorge Soler pops out to second baseman Ozzie Albies.
16,Luis Rengifo singles on a line drive to center fielder Michael Harris II.
4,Kyle Tucker flies out to right fielder Nolan Jones.
4,Reese McGuire grounds out to first baseman Carlos Santana.
4,Matt Shaw flies out to center fielder Lane Thomas.
4,Reese McGuire grounds out to first baseman Carlos Santana.
4,Ian Happ flies out to left fielder Steven Kwan.
4,Nico Hoerner flies out to left fielder Steven Kwan.
4,Matt Shaw lines out sharply to shortstop Brayan Rocchio.
10,Thairo Estrada homers (2) on a fly ball to left field. Tyler Freeman scores.
16,Tyler Freeman singles on a ground ball to second baseman Shay Whitcomb.
4,Salvador Perez lines out to third baseman Ben Williamson.
4,"Freddy Fermin grounds out, shortstop J.P. Crawford to first baseman Luke Raley."
4,"Maikel Garcia grounds out, third baseman Ben Williamson to first baseman Luke Raley."
4,"Vinnie Pasquantino grounds out, second baseman Cole Young to first baseman Luke Raley."
4,"John Rave grounds out, shortstop J.P. Crawford to first baseman Luke Raley."
4,Salvador Perez pops out to second baseman Cole Young on the infield fly rule.
4,"John Rave grounds out, second baseman Cole Young to first baseman Luke Raley."
4,"Nick Loftin grounds out, third baseman Ben Williamson to first baseman Luke Raley."
16,Maikel Garcia singles on a ground ball to left fielder Randy Arozarena. Jonathan India to 3rd. Vinnie Pasquantino to 2nd.
4,"Kyle Isbel grounds out, second baseman Cole Young to first baseman Luke Raley."
4,José Ramírez lines out to third baseman Matt Shaw.
4,"Steven Kwan grounds out, shortstop Dansby Swanson to first baseman Michael Busch."
16,Nolan Jones singles on a ground ball to right fielder Seiya Suzuki.
16,Steven Kwan singles on a line drive to left fielder Ian Happ.
4,Kyle Manzardo lines out to left fielder Ian Happ.
4,"Kyle Manzardo grounds out, second baseman Nico Hoerner to first baseman Michael Busch."
4,Nolan Jones flies out to right fielder Seiya Suzuki.
16,Daniel Schneemann singles on a ground ball to center fielder Pete Crow-Armstrong.
4,"Brayan Rocchio grounds out, second baseman Nico Hoerner to first baseman Michael Busch."
4,Lane Thomas pops out to shortstop Dansby Swanson.
16,Kyle Manzardo singles on a ground ball to center fielder Pete Crow-Armstrong.
4,Daniel Schneemann flies out to center fielder Pete Crow-Armstrong.
16,Bo Naylor singles on a ground ball to center fielder Pete Crow-Armstrong. Daniel Schneemann to 3rd.
4,Lane Thomas lines out to third baseman Matt Shaw.
4,"Carlos Santana grounds out, shortstop Dansby Swanson to first baseman Michael Busch."
4,Bo Naylor flies out sharply to center fielder Pete Crow-Armstrong.
4,"Brayan Rocchio grounds out, second baseman Nico Hoerner to first baseman Michael Busch."
4,José Ramírez flies out to left fielder Ian Happ.
4,Trevor Larnach flies out to left fielder Kyle Stowers.
4,"Chad Stevens grounds out, third baseman Austin Riley to first baseman Matt Olson."
16,Logan O'Hoppe singles on a sharp line drive to left fielder Jurickson Profar. Jo Adell to 2nd.
4,"Luis Rengifo grounds out, second baseman Ozzie Albies to first baseman Matt Olson. Logan O'Hoppe to 2nd."
10,Zach Neto homers (13) on a fly ball to center field.
1,Zach Neto doubles (16) on a sharp fly ball to center fielder Michael Harris II.
4,"Chad Stevens grounds out, third baseman Austin Riley to first baseman Matt Olson."
16,Jo Adell singles on a sharp line drive to left fielder Jurickson Profar.
4,"Mike Trout grounds out softly, pitcher Bryce Elder to first baseman Matt Olson."
4,Logan O'Hoppe grounds out to first baseman Matt Olson.
4,"Jo Adell grounds out, shortstop Nick Allen to first baseman Matt Olson."
4,"Chad Stevens grounds out, third baseman Austin Riley to first baseman Matt Olson."
4,Taylor Ward flies out to right fielder Ronald Acuña Jr. Nolan Schanuel to 3rd.
16,Zach Neto singles on a ground ball to left fielder Jurickson Profar.
16,Jo Adell singles on a ground ball to center fielder Michael Harris II. Zach Neto scores. Taylor Ward to 2nd.
4,Taylor Ward flies out sharply to left fielder Jurickson Profar.
4,Nolan Schanuel flies out to left fielder Jurickson Profar.
16,Logan O'Hoppe singles on a sharp line drive to left fielder Jurickson Profar.
10,Nolan Schanuel homers (8) on a fly ball to center field. Zach Neto scores.
4,"Rafael Devers grounds out, first baseman Tim Tawa to pitcher Brandon Pfaadt. Willy Adames to 3rd."
16,Heliot Ramos singles on a ground ball to left fielder Lourdes Gurriel Jr. Willy Adames scores.
14,Jung Hoo Lee out on a sacrifice fly to center fielder Alek Thomas. Rafael Devers scores. Heliot Ramos to 3rd.
16,Mike Yastrzemski singles on a sharp line drive to right fielder Randal Grichuk.
8,"Willy Adames grounds into a double play, shortstop Geraldo Perdomo to second baseman Blaze Alexander to first baseman Tim Tawa. Mike Yastrzemski out at 2nd. Willy Adames out at 1st."
4,"Andrew Knizner grounds out, pitcher Brandon Pfaadt to first baseman Tim Tawa."
4,"Mike Yastrzemski grounds out, second baseman Blaze Alexander to first baseman Tim Tawa."
4,Jung Hoo Lee lines out sharply to center fielder Alek Thomas.
4,Andrew Knizner pops out to catcher James McCann in foul territory.
4,"Rafael Devers grounds out, first baseman Tim Tawa to second baseman Blaze Alexander to pitcher Brandon Pfaadt."
16,Mike Yastrzemski singles on a sharp ground ball to left fielder Lourdes Gurriel Jr.
1,Heliot Ramos doubles (17) on a ground ball to left fielder Lourdes Gurriel Jr. Willy Adames scores. Rafael Devers to 3rd.
1,"Umpire reviewed (home run), call on the field was upheld: Willy Adames doubles (12) on a sharp fly ball to right fielder Randal Grichuk. Mike Yastrzemski scores."
16,Ronald Acuña Jr. singles on a line drive to center fielder Jo Adell.
4,"Austin Riley grounds out softly, catcher Logan O'Hoppe to first baseman Nolan Schanuel."
7,"Otto Lopez grounds into a force out, shortstop Brooks Lee to second baseman Willi Castro. Xavier Edwards scores. Jesús Sánchez out at 2nd. Otto Lopez to 1st."
16,Xavier Edwards singles on a pop up to left fielder Harrison Bader.
16,Jesús Sánchez singles on a sharp line drive to center fielder Byron Buxton. Xavier Edwards to 3rd.
4,Freddy Fermin flies out to shortstop J.P. Crawford.
4,J.P. Crawford flies out sharply to center fielder Kyle Isbel.
16,Mark Vientos singles on a line drive to left fielder Isaac Collins.
4,Pete Alonso flies out to center fielder Jackson Chourio.
16,Juan Soto singles on a ground ball to right fielder Sal Frelick. Starling Marte scores. Francisco Lindor to 3rd.
4,Francisco Lindor flies out to right fielder Sal Frelick.
4,"Brett Baty grounds out, first baseman Rhys Hoskins to pitcher Jose Quintana."
16,Starling Marte singles on a ground ball to second baseman Andruw Monasterio.
4,"Mark Vientos grounds out, shortstop Joey Ortiz to first baseman Rhys Hoskins."
4,"Brandon Nimmo grounds out, second baseman Andruw Monasterio to first baseman Rhys Hoskins."
4,"Juan Soto grounds out, second baseman Andruw Monasterio to first baseman Rhys Hoskins."
16,Francisco Lindor singles on a ground ball to right fielder Sal Frelick. Starling Marte to 3rd.
4,Brett Baty lines out sharply to center fielder Jackson Chourio.
4,Luis Torrens flies out to right fielder Sal Frelick.
4,Tyrone Taylor flies out to right fielder Sal Frelick.
16,Starling Marte singles on a sharp line drive to left fielder Isaac Collins.
8,"Luis Torrens grounds into a double play, shortstop Joey Ortiz to second baseman Andruw Monasterio to first baseman Rhys Hoskins. Mark Vientos out at 2nd. Luis Torrens out at 1st."
1,Lourdes Gurriel Jr. doubles (16) on a line drive to left fielder Heliot Ramos.
4,"Blaze Alexander grounds out, third baseman Brett Wisely to first baseman Dominic Smith."
4,"Geraldo Perdomo grounds out, shortstop Willy Adames to first baseman Dominic Smith."
4,"Randal Grichuk grounds out, third baseman Brett Wisely to first baseman Dominic Smith."
4,"Alek Thomas grounds out, second baseman Tyler Fitzgerald to first baseman Dominic Smith."
4,Randal Grichuk flies out to left fielder Heliot Ramos.
4,Ketel Marte flies out sharply to center fielder Jung Hoo Lee.
10,Ketel Marte homers (19) on a fly ball to left field.
4,"James McCann grounds out sharply, second baseman Tyler Fitzgerald to first baseman Dominic Smith."
4,"Blaze Alexander grounds out sharply, shortstop Willy Adames to first baseman Dominic Smith."
4,"Tim Tawa grounds out, third baseman Brett Wisely to first baseman Dominic Smith."
4,"Tim Tawa grounds out, shortstop Willy Adames to first baseman Dominic Smith."
16,Andrew Knizner singles on a sharp line drive to left fielder Lourdes Gurriel Jr.
16,"Rafael Devers singles on a sharp ground ball to right fielder Randal Grichuk, deflected by first baseman Tim Tawa. Andrew Knizner scores. Willy Adames scores."
1,Willy Adames doubles (13) on a ground ball to left fielder Lourdes Gurriel Jr. Andrew Knizner to 3rd.
7,"Heliot Ramos grounds into a force out, shortstop Geraldo Perdomo to second baseman Blaze Alexander. Rafael Devers out at 2nd."
4,"Brett Wisely grounds out, first baseman Tim Tawa to pitcher John Curtiss."
4,Anthony Volpe flies out to left fielder Davis Schneider.
8,"Aaron Judge grounds into a double play, shortstop Ernie Clement to second baseman Leo Jiménez to first baseman Vladimir Guerrero Jr. Ben Rice out at 2nd. Aaron Judge out at 1st."
16,Ben Rice singles on a sharp line drive to center fielder Nathan Lukes.
16,Jasson Domínguez singles on a sharp ground ball to center fielder Nathan Lukes.
4,"Austin Wells grounds out, second baseman Leo Jiménez to first baseman Vladimir Guerrero Jr. Jasson Domínguez to 3rd."
10,Trent Grisham homers (16) on a fly ball to center field.
4,J.P. Crawford lines out to right fielder John Rave.
4,Randy Arozarena pops out to first baseman Vinnie Pasquantino in foul territory.
4,Cal Raleigh flies out to right fielder John Rave.
16,"Luke Raley singles on a ground ball to second baseman Jonathan India. Luke Raley to 2nd. Luke Raley advances to 2nd, on a throwing error by second baseman Jonathan India."
4,Dominic Canzone flies out to center fielder Kyle Isbel.
4,"Ben Williamson grounds out, second baseman Jonathan India to first baseman Vinnie Pasquantino. Luke Raley to 3rd."
4,Cole Young flies out to left fielder Nick Loftin.
1,Luke Raley doubles (6) on a sharp line drive to center fielder Kyle Isbel.
16,Ben Williamson singles on a line drive to right fielder John Rave.
4,Luke Raley flies out to right fielder John Rave.
10,Dominic Canzone homers (6) on a line drive to center field.
5,"Mookie Betts reaches on a fielder's choice. Shohei Ohtani to 2nd. Shohei Ohtani advances to 2nd, on a fielding error by shortstop Chase Meidroth."
4,Miguel Rojas flies out to center fielder Brooks Baldwin.
4,Teoscar Hernández flies out sharply to left fielder Andrew Benintendi.
16,Dalton Rushing singles on a sharp ground ball to right fielder Mike Tauchman.
4,"Tommy Edman grounds out, catcher Kyle Teel to first baseman Miguel Vargas."
1,Freddie Freeman doubles (23) on a ground ball to left fielder Andrew Benintendi. Shohei Ohtani scores. Mookie Betts scores.
4,Tyler Fitzgerald flies out to left fielder Lourdes Gurriel Jr.
4,"Dominic Smith grounds out, second baseman Blaze Alexander to first baseman Tim Tawa."
4,Ozzie Albies lines out to center fielder Jo Adell.
16,Andrew Knizner singles on a ground ball to right fielder Randal Grichuk.
16,Mike Yastrzemski singles on a sharp ground ball to right fielder Randal Grichuk. Andrew Knizner to 2nd.
16,Willy Adames singles on a line drive to pitcher Kevin Ginkel. Andrew Knizner to 3rd. Mike Yastrzemski to 2nd.
4,Heliot Ramos flies out sharply to center fielder Alek Thomas.
14,Rafael Devers out on a sacrifice fly to left fielder Lourdes Gurriel Jr. Andrew Knizner scores. Mike Yastrzemski to 3rd. Willy Adames to 2nd.
1,Joey Ortiz doubles (9) on a sharp line drive to center fielder Tyrone Taylor.
4,William Contreras flies out to left fielder Brandon Nimmo.
8,"Rhys Hoskins grounds into a double play, third baseman Mark Vientos to second baseman Brett Baty to first baseman Pete Alonso. Jackson Chourio out at 2nd. Rhys Hoskins out at 1st."
7,"Isaac Collins grounds into a force out, shortstop Francisco Lindor to second baseman Brett Baty. William Contreras to 3rd. Rhys Hoskins out at 2nd. Isaac Collins to 1st."
3,Rhys Hoskins reaches on a fielding error by second baseman Brett Baty. William Contreras to 2nd.
4,"Andruw Monasterio grounds out softly, third baseman Mark Vientos to first baseman Pete Alonso. Joey Ortiz to 3rd."
6,"Sal Frelick reaches on a fielder's choice out, first baseman Pete Alonso to catcher Luis Torrens. Joey Ortiz out at home."
16,Jackson Chourio singles on a ground ball to second baseman Brett Baty.
16,Caleb Durbin singles on a ground ball to third baseman Mark Vientos. William Contreras scores. Isaac Collins to 2nd.
4,"Andruw Monasterio grounds out, third baseman Mark Vientos to first baseman Pete Alonso."
4,"Joey Ortiz grounds out, third baseman Mark Vientos to first baseman Pete Alonso."
4,"Sal Frelick grounds out, first baseman Pete Alonso to pitcher David Peterson."
4,Caleb Durbin flies out to right fielder Juan Soto.
4,Alejandro Kirk lines out sharply to center fielder Trent Grisham.
4,Will Wagner flies out to right fielder Cody Bellinger.
10,George Springer homers (14) on a fly ball to right center field. Nathan Lukes scores.
4,Leo Jiménez lines out to right fielder Cody Bellinger.
1,Nathan Lukes doubles (4) on a line drive to right fielder Cody Bellinger.
4,Ernie Clement flies out to center fielder Trent Grisham.
4,Jonathan India pops out to first baseman Luke Raley in foul territory.
4,"Bobby Witt Jr. grounds out, third baseman Ben Williamson to first baseman Luke Raley."
4,"Vinnie Pasquantino grounds out, second baseman Cole Young to first baseman Luke Raley."
1,Jorge Polanco hits a ground-rule double (11) on a line drive down the right-field line.
4,Cal Raleigh pops out to third baseman Maikel Garcia.
4,Freddy Fermin lines out to center fielder Julio Rodríguez.
4,Nick Loftin flies out to right fielder Dominic Canzone.
4,Miguel Vargas pops out to first baseman Freddie Freeman in foul territory.
4,Lenyn Sosa lines out to center fielder Andy Pages.
4,Josh Rojas flies out to center fielder Andy Pages.
4,Brooks Baldwin lines out sharply to center fielder Andy Pages.
4,"John Rave grounds out, second baseman Cole Young to first baseman Luke Raley."
16,Vinnie Pasquantino singles on a ground ball to right fielder Dominic Canzone. Jonathan India scores. Bobby Witt Jr. scores.
16,Bobby Witt Jr. singles on a line drive to center fielder Julio Rodríguez. Kyle Isbel scores. Jonathan India to 3rd.
7,"Salvador Perez grounds into a force out, pitcher Carlos Vargas to second baseman Cole Young. Vinnie Pasquantino to 3rd. Maikel Garcia out at 2nd. Salvador Perez to 1st."
4,"Nick Loftin grounds out, third baseman Ben Williamson to first baseman Luke Raley."
4,Vinnie Pasquantino flies out to right fielder Dominic Canzone.
1,Salvador Perez doubles (23) on a sharp line drive to left fielder Randy Arozarena.
4,"Maikel Garcia grounds out, second baseman Cole Young to first baseman Luke Raley."
4,Kyle Isbel lines out sharply to center fielder Julio Rodríguez.
4,Bobby Witt Jr. flies out to right fielder Dominic Canzone.
16,Jonathan India singles on a sharp line drive to center fielder Julio Rodríguez. Freddy Fermin to 3rd.
16,Jung Hoo Lee singles on a ground ball to shortstop Geraldo Perdomo.
4,Dominic Smith flies out to left fielder Lourdes Gurriel Jr.
10,Agustín Ramírez homers (13) on a fly ball to left center field. Otto Lopez scores.
1,Pete Alonso doubles (25) on a sharp line drive to center fielder Jackson Chourio. Francisco Lindor scores. Juan Soto to 3rd.
4,Lourdes Gurriel Jr. flies out to left fielder Heliot Ramos.
4,Christian Walker flies out to center fielder Brenton Doyle.
4,Victor Caratini lines out to second baseman Thairo Estrada.
4,Jake Meyers lines out to left fielder Jordan Beck.
16,Cam Smith singles on a line drive to right fielder Tyler Freeman.
1,Isaac Paredes doubles (11) on a line drive to center fielder Brenton Doyle. Cooper Hummel scores.
4,Shay Whitcomb lines out to right fielder Tyler Freeman.
4,"Jose Altuve grounds out, shortstop Ryan Ritter to first baseman Orlando Arcia."
4,Mauricio Dubón pops out to first baseman Orlando Arcia.
16,Miles Mastrobuoni singles on a line drive to right fielder John Rave.
4,"Cal Raleigh grounds out, second baseman Jonathan India to first baseman Vinnie Pasquantino."
16,J.P. Crawford singles on a line drive to left fielder Drew Waters. Miles Mastrobuoni to 2nd.
10,Paul DeJong homers (1) on a fly ball to right center field. Nathaniel Lowe scores. Alex Call scores.
16,Brenton Doyle singles on a soft ground ball to third baseman Isaac Paredes.
4,Orlando Arcia flies out to second baseman Shay Whitcomb.
1,Jordan Beck doubles (18) on a line drive to left fielder Cooper Hummel. Kyle Farmer to 3rd.
4,"Austin Nola grounds out, third baseman Isaac Paredes to first baseman Christian Walker. Brenton Doyle to 2nd."
4,"Ryan Ritter grounds out, shortstop Mauricio Dubón to first baseman Christian Walker."
4,"Thairo Estrada grounds out, pitcher Brandon Walter to first baseman Christian Walker. Kyle Farmer scores. Jordan Beck to 3rd."
4,Tyler Freeman flies out to left fielder Cooper Hummel.
4,William Contreras lines out to third baseman Mark Vientos.
16,Christian Yelich singles on a ground ball to left fielder Brandon Nimmo.
19,Jasson Domínguez triples (1) on a sharp line drive to center fielder Nathan Lukes.
16,Anthony Volpe singles on a fly ball to right fielder Addison Barger. Jasson Domínguez scores.
1,Austin Wells doubles (14) on a sharp ground ball to center fielder Nathan Lukes. Anthony Volpe to 3rd.
16,Mauricio Dubón singles on a ground ball to second baseman Thairo Estrada.
4,Isaac Paredes flies out to center fielder Brenton Doyle.
4,"Shay Whitcomb grounds out, third baseman Ryan McMahon to first baseman Orlando Arcia."
4,"Teoscar Hernández grounds out, second baseman Lenyn Sosa to first baseman Miguel Vargas. Freddie Freeman to 3rd."
10,Michael Conforto homers (7) on a fly ball to right field. Freddie Freeman scores.
4,Andy Pages pops out to first baseman Miguel Vargas in foul territory.
4,"Eric Haase grounds out, shortstop Francisco Lindor to first baseman Pete Alonso."
16,Sal Frelick singles on a ground ball to shortstop Francisco Lindor.
10,Andruw Monasterio homers (1) on a fly ball to left field.
4,"Joey Ortiz grounds out, second baseman Brett Baty to first baseman Pete Alonso."
4,"Ernie Clement grounds out, shortstop Anthony Volpe to first baseman Ben Rice."
1,Addison Barger doubles (20) on a line drive to left fielder Jasson Domínguez.
4,Alejandro Kirk flies out to right fielder Cody Bellinger.
4,"Vladimir Guerrero Jr. grounds out, shortstop Anthony Volpe to first baseman Ben Rice."
4,Tyrone Taylor flies out to left fielder Isaac Collins.
4,"Luis Torrens grounds out, first baseman Rhys Hoskins to pitcher Grant Anderson."
16,Juan Soto singles on a line drive to right fielder Sal Frelick.
4,Starling Marte lines out to first baseman Rhys Hoskins.
16,Ryan Ritter singles on a line drive to left fielder Cooper Hummel. Brenton Doyle scores. Orlando Arcia scores.
12,"Austin Nola out on a sacrifice bunt, third baseman Isaac Paredes to second baseman Shay Whitcomb. Brenton Doyle to 3rd. Orlando Arcia to 2nd."
16,Orlando Arcia singles on a ground ball to left fielder Cooper Hummel. Brenton Doyle to 2nd.
16,Brenton Doyle singles on a line drive to left fielder Cooper Hummel.
1,Nathan Lukes doubles (5) on a ground ball to left fielder Jasson Domínguez. Will Wagner scores. Davis Schneider scores.
16,Davis Schneider singles on a line drive to right fielder Cody Bellinger. Will Wagner to 2nd.
12,"Leo Jiménez out on a sacrifice bunt, first baseman Ben Rice to second baseman Oswald Peraza. Will Wagner to 3rd. Davis Schneider to 2nd."
4,Byron Buxton lines out to shortstop Otto Lopez.
4,Royce Lewis flies out to left fielder Kyle Stowers.
4,Ty France flies out to right fielder Jesús Sánchez.
4,"Connor Norby grounds out, third baseman Royce Lewis to first baseman Ty France."
4,Liam Hicks flies out to left fielder Harrison Bader.
4,Eric Wagaman flies out to center fielder Byron Buxton.
16,Xavier Edwards singles on a ground ball to shortstop Brooks Lee.
4,Derek Hill lines out to third baseman Royce Lewis.
16,Jesús Sánchez singles on a ground ball to center fielder Byron Buxton. Xavier Edwards scores.
16,Liam Hicks singles on a fly ball to center fielder Byron Buxton. Eric Wagaman to 2nd.
2,"Connor Norby lines into an unassisted double play, second baseman Willi Castro. Eric Wagaman out at 2nd."
16,Eric Wagaman singles on a ground ball to center fielder Byron Buxton.
4,"Ryan Jeffers grounds out, third baseman Connor Norby to first baseman Eric Wagaman."
16,Harrison Bader singles on a ground ball to center fielder Derek Hill. Royce Lewis to 2nd.
16,Royce Lewis singles on a soft ground ball to third baseman Connor Norby.
8,"Willi Castro grounds into a double play, second baseman Xavier Edwards to shortstop Otto Lopez to first baseman Eric Wagaman. Trevor Larnach out at 2nd. Willi Castro out at 1st."
16,Trevor Larnach singles on a line drive to left fielder Kyle Stowers.
4,"Ty France grounds out, third baseman Connor Norby to first baseman Eric Wagaman."
4,"Matt Wallner grounds out, second baseman Xavier Edwards to first baseman Eric Wagaman."
16,Otto Lopez singles on a line drive to right fielder Matt Wallner.
4,Agustín Ramírez lines out to left fielder Harrison Bader.
4,"Xavier Edwards grounds out, pitcher Kody Funderburk to first baseman Ty France."
4,"Jesús Sánchez grounds out, pitcher Kody Funderburk to first baseman Ty France."
4,Harrison Bader pops out to third baseman Connor Norby.
4,Brooks Lee flies out to left fielder Kyle Stowers.
4,Ty France pops out to first baseman Eric Wagaman.
1,Trevor Larnach doubles (13) on a sharp line drive to right fielder Jesús Sánchez.
4,Matt Wallner pops out to shortstop Otto Lopez.
3,Christian Vázquez reaches on a throwing error by third baseman Connor Norby.
4,Royce Lewis pops out to first baseman Eric Wagaman.
4,Willi Castro flies out sharply to center fielder Derek Hill.
4,"Eric Wagaman grounds out, first baseman Ty France to pitcher David Festa."
4,Agustín Ramírez lines out to left fielder Harrison Bader.
4,Otto Lopez flies out to left fielder Harrison Bader.
4,Xavier Edwards flies out to center fielder Byron Buxton.
4,"Otto Lopez grounds out, shortstop Brooks Lee to first baseman Ty France."
4,"Ty France grounds out, third baseman Connor Norby to first baseman Eric Wagaman."
10,Matt Wallner homers (8) on a fly ball to center field.
4,Anthony Volpe pops out to third baseman Will Wagner in foul territory.
16,Jasson Domínguez singles on a line drive to right fielder Addison Barger. Aaron Judge to 3rd.
4,Cody Bellinger flies out to left fielder Davis Schneider.
4,Jazz Chisholm Jr. flies out to left fielder Davis Schneider.
16,Tyler Freeman singles on a line drive to left fielder Cooper Hummel.
1,"Astros challenged (tag play), call on the field was overturned: Mickey Moniak doubles (8) on a line drive to right fielder Cam Smith. Tyler Freeman out at home on the throw, right fielder Cam Smith to shortstop Mauricio Dubón to catcher Victor Caratini. Mickey Moniak to 3rd."
4,"Brenton Doyle grounds out, shortstop Mauricio Dubón to first baseman Christian Walker."
16,Orlando Arcia singles on a sharp line drive to left fielder Cooper Hummel.
4,"Ryan Ritter grounds out, third baseman Isaac Paredes to first baseman Christian Walker."
16,Jordan Beck singles on a line drive to left fielder Cooper Hummel. Mickey Moniak scores.
2,"Austin Nola lines into a double play, second baseman Shay Whitcomb to first baseman Christian Walker. Orlando Arcia out at 1st."
4,"Victor Caratini grounds out, shortstop Ryan Ritter to first baseman Orlando Arcia."
4,Jake Meyers flies out sharply to center fielder Brenton Doyle.
4,"Shay Whitcomb grounds out, third baseman Ryan McMahon to first baseman Orlando Arcia."
4,Christian Walker flies out to right fielder Tyler Freeman.
4,Cooper Hummel flies out to center fielder Brenton Doyle.
4,Brady House lines out to center fielder Parker Meadows.
16,Riley Adams singles on a sharp line drive to left fielder Riley Greene.
10,James Wood homers (23) on a line drive to left field.
4,"CJ Abrams grounds out, second baseman Gleyber Torres to first baseman Colt Keith."
7,"Jacob Young grounds into a force out, shortstop Javier Báez to second baseman Gleyber Torres. Riley Adams out at 2nd."
4,Freddie Freeman flies out sharply to right fielder Mike Tauchman.
4,Miguel Rojas pops out to third baseman Josh Rojas in foul territory.
4,"Dalton Rushing grounds out, second baseman Lenyn Sosa to first baseman Miguel Vargas."
4,Mookie Betts pops out to first baseman Miguel Vargas in foul territory.
16,Teoscar Hernández singles on a sharp ground ball to left fielder Andrew Benintendi.
4,Tommy Edman flies out to left fielder Andrew Benintendi.
4,"Shohei Ohtani grounds out, second baseman Lenyn Sosa to first baseman Miguel Vargas."
4,Miguel Rojas flies out to left fielder Andrew Benintendi.
10,Mookie Betts homers (10) on a fly ball to left center field.
4,Michael Conforto lines out to shortstop Chase Meidroth.
16,Tommy Edman singles on a sharp line drive to center fielder Brooks Baldwin.
4,"Javier Báez grounds out, shortstop CJ Abrams to first baseman Nathaniel Lowe."
4,"Colt Keith grounds out, shortstop CJ Abrams to first baseman Nathaniel Lowe."
4,Parker Meadows flies out to center fielder Jacob Young.
16,"Mike Tauchman singles on a sharp ground ball to right fielder Teoscar Hernández. Brooks Baldwin to 3rd. Mike Tauchman to 2nd. Brooks Baldwin advances to 3rd, on a fielding error by right fielder Teoscar Hernández."
4,Miguel Vargas lines out sharply to left fielder Michael Conforto.
16,Brooks Baldwin singles on a ground ball to right fielder Teoscar Hernández.
4,"Andrew Benintendi grounds out, second baseman Tommy Edman to first baseman Freddie Freeman."
4,"Lenyn Sosa grounds out, second baseman Tommy Edman to first baseman Freddie Freeman."
4,Chase Meidroth flies out to right fielder Teoscar Hernández.
4,Andrew Benintendi pops out to third baseman Miguel Rojas.
4,Miguel Vargas flies out sharply to center fielder Andy Pages.
4,Josh Rojas lines out to first baseman Freddie Freeman.
4,Jake Meyers lines out to shortstop Ryan Ritter.
4,Mauricio Dubón flies out to center fielder Brenton Doyle.
4,Christian Walker flies out to right fielder Tyler Freeman.
16,Isaac Paredes singles on a ground ball to center fielder Brenton Doyle.
19,Cam Smith triples (2) on a fly ball to left fielder Jordan Beck. Isaac Paredes scores. Jose Altuve scores.
1,Jose Altuve doubles (11) on a line drive to left fielder Jordan Beck. Isaac Paredes to 3rd.
16,Thairo Estrada singles on a ground ball to center fielder Jake Meyers.
4,Tyler Freeman flies out to second baseman Shay Whitcomb.
4,Ryan McMahon flies out to center fielder Jake Meyers.
4,Kyle Farmer flies out to center fielder Jake Meyers.
4,"Jordan Beck grounds out, third baseman Isaac Paredes to first baseman Christian Walker."
10,Addison Barger homers (11) on a line drive to right center field.
4,"George Springer grounds out, shortstop Anthony Volpe to first baseman Ben Rice."
4,"Vladimir Guerrero Jr. grounds out, third baseman Jazz Chisholm Jr. to first baseman Ben Rice."
4,"Josh Rojas grounds out softly, third baseman Miguel Rojas to first baseman Freddie Freeman."
4,Miguel Vargas flies out to right fielder Esteury Ruiz.
10,George Springer homers (15) on a fly ball to left center field. Nathan Lukes scores.
16,Nathan Lukes singles on a line drive to right fielder Cody Bellinger.
4,Leo Jiménez lines out sharply to center fielder Trent Grisham.
16,Thairo Estrada singles on a line drive to left fielder Cooper Hummel. Jordan Beck scores.
4,"Paul DeJong grounds out, third baseman Zach McKinstry to first baseman Colt Keith."
16,CJ Abrams singles on a line drive to left fielder Riley Greene.
4,"Amed Rosario grounds out, third baseman Zach McKinstry to first baseman Colt Keith."
4,"Riley Adams grounds out, third baseman Zach McKinstry to first baseman Colt Keith."
4,"Jacob Young grounds out, third baseman Zach McKinstry to first baseman Colt Keith."
1,Alex Call hits a ground-rule double (8) on a line drive to right field.
16,"James Wood singles on a line drive to center fielder Parker Meadows. CJ Abrams scores. James Wood out at 2nd on the throw, center fielder Parker Meadows to second baseman Gleyber Torres."
4,Leo Jiménez flies out to first baseman Ben Rice.
16,George Springer singles on a sharp line drive to center fielder Trent Grisham.
4,"Nathan Lukes grounds out, second baseman Oswald Peraza to first baseman Ben Rice."
4,"Anthony Volpe grounds out sharply, shortstop Ernie Clement to first baseman Vladimir Guerrero Jr. Cody Bellinger scores. Jazz Chisholm Jr. to 3rd."
4,"Giancarlo Stanton grounds out softly, pitcher Chad Green to first baseman Vladimir Guerrero Jr."
4,Ben Rice flies out sharply to center fielder Nathan Lukes.
4,Ernie Clement lines out to center fielder Trent Grisham.
16,Alejandro Kirk singles on a sharp line drive to left fielder Jasson Domínguez.
4,"Bo Bichette grounds out, third baseman Jazz Chisholm Jr. to first baseman Ben Rice."
4,"Tommy Edman grounds out, second baseman Lenyn Sosa to first baseman Miguel Vargas."
4,"Andy Pages grounds out softly, shortstop Chase Meidroth to first baseman Miguel Vargas."
4,"Michael Conforto grounds out, second baseman Lenyn Sosa to first baseman Miguel Vargas."
4,"Teoscar Hernández grounds out, second baseman Lenyn Sosa to first baseman Miguel Vargas."
4,"Parker Meadows grounds out, first baseman Nathaniel Lowe to pitcher Jake Irvin."
4,Dillon Dingler flies out to left fielder James Wood.
4,Zach McKinstry pops out to third baseman Brady House.
4,Wenceel Pérez flies out to left fielder James Wood. Gleyber Torres to 2nd.
4,"Spencer Torkelson grounds out, shortstop CJ Abrams to first baseman Nathaniel Lowe."
10,Brooks Baldwin homers (4) on a fly ball to right center field. Josh Rojas scores.
16,Josh Rojas singles on a line drive to center fielder Andy Pages.
4,"Ben Rice grounds out, shortstop Ernie Clement to first baseman Vladimir Guerrero Jr."
16,Aaron Judge singles on a ground ball to shortstop Ernie Clement.
16,Cody Bellinger singles on a sharp line drive to right fielder Addison Barger. Aaron Judge to 2nd.
1,Jazz Chisholm Jr. doubles (9) on a sharp fly ball to center fielder Nathan Lukes. Aaron Judge scores. Cody Bellinger to 3rd.
4,Alejandro Kirk lines out sharply to center fielder Trent Grisham.
4,Ernie Clement flies out to center fielder Trent Grisham.
4,Ryan McMahon flies out to second baseman Shay Whitcomb in foul territory.
3,Nathaniel Lowe reaches on a throwing error by third baseman Zach McKinstry.
4,"Gleyber Torres grounds out, shortstop CJ Abrams to first baseman Nathaniel Lowe."
4,"Javier Báez grounds out, pitcher Jake Irvin to first baseman Nathaniel Lowe."
4,"Paul DeJong grounds out, third baseman Zach McKinstry to first baseman Colt Keith."
16,Brady House singles on a ground ball to center fielder Parker Meadows. Nathaniel Lowe scores. Alex Call scores.
5,"Alex Call reaches on a fielder's choice. Nathaniel Lowe to 2nd. Nathaniel Lowe advances to 2nd, on a fielding error by shortstop Javier Báez."
8,"Austin Nola grounds into a double play, third baseman Isaac Paredes to second baseman Jose Altuve to first baseman Christian Walker. Orlando Arcia out at 2nd. Austin Nola out at 1st."
4,"Brenton Doyle grounds out, shortstop Zack Short to first baseman Christian Walker."
19,Jake Meyers triples (2) on a line drive to right fielder Tyler Freeman.
4,Isaac Paredes pops out to catcher Austin Nola in foul territory.
16,Victor Caratini singles on a fly ball to left fielder Jordan Beck. Christian Walker to 2nd.
4,Cooper Hummel flies out to right fielder Tyler Freeman.
4,"Jose Altuve grounds out, shortstop Ryan Ritter to first baseman Orlando Arcia. Jake Meyers scores."
16,Christian Walker singles on a sharp line drive to right fielder Tyler Freeman.
16,Yainer Diaz singles on a ground ball to second baseman Thairo Estrada. Taylor Trammell to 3rd.
4,"Astros challenged (play at 1st), call on the field was upheld: Cooper Hummel grounds out, shortstop Ryan Ritter to first baseman Orlando Arcia."
1,Jasson Domínguez doubles (14) on a sharp line drive to left fielder Nathan Lukes.
4,Anthony Volpe lines out to first baseman Vladimir Guerrero Jr.
4,Austin Wells lines out sharply to center fielder Myles Straw.
4,Jazz Chisholm Jr. flies out sharply to center fielder Myles Straw.
7,"Riley Greene grounds into a force out, fielded by second baseman Amed Rosario. Wenceel Pérez out at 2nd."
4,Zach McKinstry lines out to first baseman Nathaniel Lowe.
7,"Spencer Torkelson grounds into a force out, third baseman Brady House to second baseman Amed Rosario. Riley Greene out at 2nd. Spencer Torkelson to 1st."
4,Wenceel Pérez flies out to left fielder James Wood.
16,Colt Keith singles on a sharp line drive to left fielder James Wood. Parker Meadows to 3rd.
16,Gleyber Torres singles on a line drive to center fielder Jacob Young. Parker Meadows scores. Colt Keith to 2nd.
16,Parker Meadows singles on a line drive to left fielder James Wood.
4,Dillon Dingler flies out to center fielder Jacob Young.
16,Wenceel Pérez singles on a line drive to center fielder Jacob Young. Colt Keith scores. Gleyber Torres to 2nd.
4,CJ Abrams flies out to center fielder Parker Meadows.
3,Riley Adams reaches on a fielding error by third baseman Zach McKinstry. Brady House to 2nd.
16,Jacob Young singles on a line drive to left fielder Riley Greene. Riley Adams to 2nd.
16,James Wood singles on a sharp line drive to right fielder Wenceel Pérez.
4,CJ Abrams flies out to left fielder Riley Greene.
4,Paul DeJong pops out to second baseman Gleyber Torres.
16,Luis García Jr. singles on a line drive to right fielder Wenceel Pérez. James Wood scores.
16,Amed Rosario singles on a ground ball to second baseman Gleyber Torres. James Wood to 2nd.
16,James Wood singles on a line drive to center fielder Parker Meadows.
4,"Alex Call grounds out, second baseman Gleyber Torres to first baseman Colt Keith."
8,"Nathaniel Lowe grounds into a double play, second baseman Gleyber Torres to shortstop Javier Báez to first baseman Colt Keith. James Wood to 3rd. Amed Rosario out at 2nd. Nathaniel Lowe out at 1st."
4,Spencer Torkelson flies out to center fielder Jacob Young.
4,"Javier Báez grounds out, shortstop CJ Abrams to first baseman Nathaniel Lowe. Dillon Dingler scores. Parker Meadows to 2nd."
16,Parker Meadows singles on a ground ball to left fielder James Wood. Zach McKinstry scores. Dillon Dingler to 3rd.
16,Alex Call singles on a sharp line drive to center fielder Parker Meadows. Luis García Jr. scores.
4,Nathaniel Lowe flies out to left fielder Riley Greene.
4,Brady House lines out sharply to right fielder Wenceel Pérez.
4,Gleyber Torres lines out to center fielder Jacob Young.
4,Wenceel Pérez pops out to shortstop CJ Abrams.